Model,RMSE,MAE,Pearson (Linear) Correlation,Spearman Rank Correlation,Gini Index,Aggregate Risk Premium Differential,lscore,gscore,hscore
GBM LC,7351.92247812057,330.61725648174854,-0.001242019622855508,0.03223702352652418,0.15990285910083912,1.638851549966137,0.504841988866265,0.28276618629654565,0.1188420191723102
GBM Freq/Sev,7351.684512939262,325.84293917628077,0.005881895028036497,0.03849645336925215,0.20591629578120774,1.7026002335819013,0.5026155639336132,0.29646202928134174,0.1380278852905588
