,Model,Modelling Basis,RMSE,NRMSE,Gini Index
1,Tweedie GLM,Pure Premium,2135.512623,0.013781308,0.342337627
2,ML Stack,Pure Premium,1454.192959,0.009384483,0.895150382
3,GBM,Freq/Sev,NA,0.02338631,0.9039266
4,GAM,Pure Premium,2136.961,0.01379066,0.3301768
5,MARS,Pure Premium,2025.51,0.01307142,NA
6,MARS,Freq/Sev,2238.138,0.01444359,NA
7,GLM,Freq/Sev,2132.452,0.01376156