,Model,Modelling Basis,RMSE,NRMSE,Gini Index,harmonic,geometric
1,ML Stack,Pure Premium,1282.81087,0.008278486,0.883333416,0.016403242938514,0.085514111804358
2,MARS,Pure Premium,2025.51,0.01307142,0.3060525,0.025072020734453,0.063249828217553
3,GLM,Freq/Sev,2132.452,0.01376156,0.2488354,0.026080753465113,0.058518059496398
4,GAM,Pure Premium,2136.961,0.01379066,0.3301768,0.02647550433223,0.067478559474014
5,GLM,Pure Premium,2135.512623,0.013781308,0.342337627,0.026495981055746,0.068686681952735
6,MARS,Freq/Sev,2238.138,0.01444359,0.7150878,0.028315258640761,0.101628908275165
7,GBM,Freq/Sev,NA,0.02338631,0.9039266,0.045593040832023,0.145394317924897
