,Model,Modelling Basis,RMSE,NRMSE,Gini Index
1,Tweedie GLM,Pure Premium,2135.512623,0.013781308,0.342337627
2,ML Stack,Pure Premium,1454.192959,0.009384483,0.895150382
3,GBM,Freq/Sev,NA,0.02338631,0.9039266
4,GAM,Pure Premium,2136.961,0.01379066,0.3301768
