,Model,Modelling Basis,RMSE,NRMSE,Gini Index
1,Tweedie GLM,Pure Premium,2135.512623,0.013781308,0.342337627
2,ML Stack,Pure Premium,1282.81087,0.008278486,0.883333416
3,GBM,Freq/Sev,NA,0.02338631,0.9039266
4,GAM,Pure Premium,2136.961,0.01379066,0.3301768
5,MARS,Pure Premium,2025.51,0.01307142,0.3060525
6,MARS,Freq/Sev,2238.138,0.01444359,0.7150878
7,GLM,Freq/Sev,2132.452,0.01376156,0.2488354
