"","Model","RMSE","NRMSE","Gini Index"
"1","Tweedie GLM",2135.51262287823,0.0137813079848609,0.342337626856306
"2","ML Stack",1454.19295893067,0.00938448259295654,0.895150381557698
