"","Model","RMSE","MAE","Pearson (Linear) Correlation","Spearman Rank Correlation","Gini Index","Aggregate Risk Premium Differential","lscore","gscore","hscore"
"1","MARS Freq/Sev",7351.43896255013,344.02266379739,0.00677480030742897,0.033386019583263,0.171560398892325,1.47105038543295,0.540770689612679,0.311631576506235,0.125935872272412
