,sum actual,sum predict,sum ratio,gini,mse,rmse,mae,r2
frequency model,14427.957966870175,12564.037805921827,0.8708119218791511,0.08138219308373973,0.3246746578978906,0.5698022972030655,0.15542485520894234,0.002231121606086628
ClaimAmount,14787155.699999997,14052460.36067153,0.9503153037518589,0.03543806789082796,3982549.5587448133,1995.6326211867788,164.83908399834758,-0.0009830850644008127
