,sum actual,sum predict,sum ratio,gini,mse,rmse,mae,r2
frequency model,14427.957966870175,12555.724334039547,0.8702357161609636,0.08197279586332241,0.324658667158881,0.5697882651993467,0.1553775723405266,0.0022802632971246073
ClaimAmount,14787155.699999997,14007836.933610432,0.9472975883800584,0.0371502220347822,3982291.98087589,1995.5680847507783,164.59367404318,-0.0009183448556284723
